<?xml version="1.0" encoding="UTF-8"?>
<configuration>
    <property scope="context" name="serviceName" value="ms-detectInputTextLanguage"/>

<!--    <springProfile name="test">-->
<!--        <property resource="logging-test.properties"/>-->

<!--        <appender name="ROLLING" class="ch.qos.logback.core.rolling.RollingFileAppender">-->
<!--            <rollingPolicy class="ch.qos.logback.core.rolling.TimeBasedRollingPolicy">-->
<!--                &lt;!&ndash; rollover daily &ndash;&gt;-->
<!--                <fileNamePattern>${log.file.location}${log.file.name}-%d{yyyy-MM-dd}.%i.log</fileNamePattern>-->
<!--                <timeBasedFileNamingAndTriggeringPolicy-->
<!--                        class="ch.qos.logback.core.rolling.SizeAndTimeBasedFNATP">-->
<!--                    &lt;!&ndash; or whenever the file size reaches 100MB &ndash;&gt;-->
<!--                    <maxFileSize>100MB</maxFileSize>-->
<!--                </timeBasedFileNamingAndTriggeringPolicy>-->
<!--            </rollingPolicy>-->
<!--            <encoder>-->
<!--                <pattern>${log.pattern}</pattern>-->
<!--            </encoder>-->
<!--        </appender>-->

<!--        <logger name="com.vk" level="INFO">-->
<!--            <appender-ref ref="ROLLING"/>-->
<!--        </logger>-->

<!--        <root level="OFF">-->
<!--        </root>-->
<!--    </springProfile>-->

</configuration>